open,high,low,close,time
69134.91000000,69146.92000000,68951.00000000,68993.22000000,2024-05-26T17:00:00
68993.21000000,69136.15000000,68950.00000000,69136.14000000,2024-05-26T18:00:00
69136.15000000,69312.30000000,69042.26000000,69287.12000000,2024-05-26T19:00:00
69287.11000000,69399.00000000,68668.60000000,68847.99000000,2024-05-26T20:00:00
68847.98000000,68973.15000000,68692.11000000,68808.62000000,2024-05-26T21:00:00
68808.61000000,68906.96000000,68731.36000000,68778.14000000,2024-05-26T22:00:00
68778.14000000,68842.80000000,68717.61000000,68800.16000000,2024-05-26T23:00:00
68800.15000000,68916.22000000,68800.15000000,68903.54000000,2024-05-27T00:00:00
68903.53000000,68911.56000000,68720.66000000,68720.84000000,2024-05-27T01:00:00
68720.85000000,68720.85000000,68128.01000000,68518.02000000,2024-05-27T02:00:00
68518.02000000,68700.65000000,68464.00000000,68560.00000000,2024-05-27T03:00:00
68560.01000000,68569.88000000,68344.00000000,68507.67000000,2024-05-27T04:00:00
68507.67000000,68821.72000000,68481.31000000,68821.71000000,2024-05-27T05:00:00
68821.72000000,69298.00000000,68740.75000000,69074.01000000,2024-05-27T06:00:00
69074.02000000,69288.44000000,69020.49000000,69111.35000000,2024-05-27T07:00:00
69111.34000000,69212.00000000,68826.91000000,68873.43000000,2024-05-27T08:00:00
68873.43000000,68901.74000000,68764.71000000,68770.01000000,2024-05-27T09:00:00
68770.00000000,68784.40000000,68321.95000000,68524.61000000,2024-05-27T10:00:00
68524.60000000,68621.54000000,68393.23000000,68393.23000000,2024-05-27T11:00:00
68393.23000000,68721.02000000,68341.84000000,68643.36000000,2024-05-27T12:00:00
68643.36000000,68944.20000000,68521.52000000,68624.00000000,2024-05-27T13:00:00
68624.01000000,68660.09000000,68430.95000000,68595.37000000,2024-05-27T14:00:00
68595.36000000,68598.48000000,68422.08000000,68577.79000000,2024-05-27T15:00:00
68577.79000000,68679.80000000,68250.00000000,68434.26000000,2024-05-27T16:00:00
68434.26000000,68643.25000000,68384.00000000,68621.42000000,2024-05-27T17:00:00
68621.43000000,69045.80000000,68601.30000000,68919.24000000,2024-05-27T18:00:00
68919.24000000,69500.00000000,68828.80000000,69500.00000000,2024-05-27T19:00:00
69500.00000000,70520.30000000,69499.99000000,70373.85000000,2024-05-27T20:00:00
70373.86000000,70687.56000000,70153.45000000,70161.22000000,2024-05-27T21:00:00
70161.21000000,70350.00000000,70029.93000000,70184.01000000,2024-05-27T22:00:00
70184.00000000,70250.00000000,69882.11000000,69985.50000000,2024-05-27T23:00:00
69985.49000000,70113.35000000,69069.00000000,69260.01000000,2024-05-28T00:00:00
69260.02000000,69724.21000000,69177.01000000,69660.01000000,2024-05-28T01:00:00
69660.00000000,69887.90000000,69589.99000000,69805.00000000,2024-05-28T02:00:00
69805.01000000,69805.01000000,69555.81000000,69591.58000000,2024-05-28T03:00:00
69591.59000000,69591.59000000,69324.00000000,69436.43000000,2024-05-28T04:00:00
69436.43000000,69472.99000000,69100.00000000,69377.41000000,2024-05-28T05:00:00
69377.40000000,69591.81000000,68515.86000000,68614.11000000,2024-05-28T06:00:00
68614.11000000,68842.36000000,68420.03000000,68680.00000000,2024-05-28T07:00:00
68680.01000000,68738.48000000,67753.00000000,68050.30000000,2024-05-28T08:00:00
68050.30000000,68134.00000000,67486.65000000,67797.29000000,2024-05-28T09:00:00
67797.28000000,68049.67000000,67660.00000000,68049.67000000,2024-05-28T10:00:00
68049.67000000,68093.49000000,67787.00000000,67972.80000000,2024-05-28T11:00:00
67972.79000000,68030.00000000,67658.24000000,67694.00000000,2024-05-28T12:00:00
67694.01000000,68250.00000000,67582.13000000,68159.99000000,2024-05-28T13:00:00
68160.00000000,68523.99000000,68024.57000000,68336.24000000,2024-05-28T14:00:00
68336.24000000,68902.71000000,68249.99000000,68592.01000000,2024-05-28T15:00:00
68592.01000000,68665.59000000,68265.01000000,68389.87000000,2024-05-28T16:00:00
68389.87000000,68559.99000000,68154.21000000,68208.63000000,2024-05-28T17:00:00
68208.64000000,68478.45000000,67659.93000000,67792.00000000,2024-05-28T18:00:00
67792.00000000,68253.99000000,67529.62000000,67969.00000000,2024-05-28T19:00:00
67968.99000000,68460.53000000,67728.78000000,68374.08000000,2024-05-28T20:00:00
68374.08000000,68457.19000000,67713.02000000,67713.22000000,2024-05-28T21:00:00
67713.22000000,68159.54000000,67640.46000000,67782.67000000,2024-05-28T22:00:00
67782.68000000,67992.78000000,67277.91000000,67879.43000000,2024-05-28T23:00:00
67879.42000000,68598.33000000,67864.01000000,68424.29000000,2024-05-29T00:00:00
68424.28000000,68538.92000000,68124.04000000,68325.86000000,2024-05-29T01:00:00
68325.86000000,68550.00000000,68257.81000000,68401.47000000,2024-05-29T02:00:00
68401.47000000,68661.28000000,68383.77000000,68615.40000000,2024-05-29T03:00:00
68615.39000000,68620.92000000,68346.78000000,68398.39000000,2024-05-29T04:00:00
68398.40000000,68605.10000000,68266.04000000,68496.00000000,2024-05-29T05:00:00
68495.99000000,68707.58000000,68310.00000000,68570.00000000,2024-05-29T06:00:00
68570.00000000,68923.00000000,68454.97000000,68684.60000000,2024-05-29T07:00:00
68684.60000000,68884.82000000,68681.38000000,68829.42000000,2024-05-29T08:00:00
68829.41000000,68935.68000000,68760.00000000,68843.53000000,2024-05-29T09:00:00
68843.53000000,68843.53000000,68572.66000000,68584.73000000,2024-05-29T10:00:00
68584.72000000,68667.72000000,68465.60000000,68513.33000000,2024-05-29T11:00:00
68513.32000000,68534.35000000,67936.35000000,67946.90000000,2024-05-29T12:00:00
67946.89000000,67999.92000000,67602.34000000,67872.41000000,2024-05-29T13:00:00
67872.41000000,68033.33000000,67685.45000000,67905.72000000,2024-05-29T14:00:00
67905.72000000,68024.00000000,67802.95000000,67989.89000000,2024-05-29T15:00:00
67989.90000000,68001.25000000,67736.23000000,67763.59000000,2024-05-29T16:00:00
67763.59000000,68023.97000000,67567.21000000,67898.15000000,2024-05-29T17:00:00
67898.14000000,68280.00000000,67569.55000000,67879.99000000,2024-05-29T18:00:00
67879.99000000,67952.39000000,67500.00000000,67635.01000000,2024-05-29T19:00:00
67635.01000000,67855.69000000,67262.34000000,67379.13000000,2024-05-29T20:00:00
67379.13000000,67720.00000000,67124.65000000,67555.18000000,2024-05-29T21:00:00
67555.18000000,67680.00000000,67329.99000000,67611.12000000,2024-05-29T22:00:00
67611.12000000,67623.10000000,67222.22000000,67392.83000000,2024-05-29T23:00:00
67392.82000000,67742.00000000,67216.01000000,67266.78000000,2024-05-30T00:00:00
67266.78000000,67494.57000000,67151.35000000,67485.76000000,2024-05-30T01:00:00
67485.76000000,67810.00000000,67325.08000000,67700.42000000,2024-05-30T02:00:00
67700.42000000,67826.09000000,67605.94000000,67680.01000000,2024-05-30T03:00:00
67680.01000000,67731.59000000,67576.06000000,67652.42000000,2024-05-30T04:00:00
67652.41000000,67843.32000000,67551.46000000,67583.00000000,2024-05-30T05:00:00
67582.99000000,67862.20000000,67471.67000000,67800.00000000,2024-05-30T06:00:00
67800.00000000,68199.97000000,67788.95000000,67949.10000000,2024-05-30T07:00:00
67949.11000000,68182.42000000,67924.00000000,68118.20000000,2024-05-30T08:00:00
68118.20000000,68422.89000000,67984.01000000,68163.00000000,2024-05-30T09:00:00
68163.00000000,68195.00000000,67967.66000000,68134.14000000,2024-05-30T10:00:00
68134.13000000,68180.46000000,67728.20000000,67831.25000000,2024-05-30T11:00:00
67831.24000000,68037.22000000,67508.42000000,67584.56000000,2024-05-30T12:00:00
67584.57000000,67769.11000000,67128.00000000,67688.96000000,2024-05-30T13:00:00
67688.96000000,67759.99000000,67459.96000000,67745.94000000,2024-05-30T14:00:00
67745.94000000,67991.00000000,67541.82000000,67942.08000000,2024-05-30T15:00:00
67942.08000000,68100.00000000,67815.00000000,67817.01000000,2024-05-30T16:00:00
67817.01000000,68305.55000000,67755.00000000,68133.34000000,2024-05-30T17:00:00
68133.34000000,68678.76000000,68050.00000000,68623.99000000,2024-05-30T18:00:00
68623.99000000,68826.31000000,68256.29000000,68359.60000000,2024-05-30T19:00:00
68359.60000000,68612.00000000,68144.00000000,68530.76000000,2024-05-30T20:00:00
68530.77000000,68691.64000000,68384.00000000,68676.00000000,2024-05-30T21:00:00
68676.00000000,69500.00000000,68664.00000000,69315.10000000,2024-05-30T22:00:00
69315.10000000,69420.00000000,69084.00000000,69360.13000000,2024-05-30T23:00:00
69360.13000000,69366.46000000,68435.00000000,68653.02000000,2024-05-31T00:00:00
68653.02000000,68657.41000000,68050.01000000,68475.99000000,2024-05-31T01:00:00
68475.99000000,68534.00000000,68324.00000000,68416.76000000,2024-05-31T02:00:00
68416.75000000,68438.99000000,68241.79000000,68314.93000000,2024-05-31T03:00:00
68314.93000000,68518.86000000,68251.00000000,68352.17000000,2024-05-31T04:00:00
68352.17000000,68465.39000000,68274.00000000,68460.00000000,2024-05-31T05:00:00
68460.01000000,68626.20000000,68314.35000000,68440.00000000,2024-05-31T06:00:00
68439.99000000,68729.73000000,68430.00000000,68539.99000000,2024-05-31T07:00:00
68539.99000000,68628.39000000,68487.95000000,68535.81000000,2024-05-31T08:00:00
68535.81000000,68654.33000000,68486.00000000,68516.59000000,2024-05-31T09:00:00
68516.59000000,68516.59000000,68290.00000000,68442.72000000,2024-05-31T10:00:00
68442.72000000,68456.23000000,68225.52000000,68272.00000000,2024-05-31T11:00:00
68272.00000000,68431.88000000,68075.99000000,68174.99000000,2024-05-31T12:00:00
68175.00000000,68310.90000000,68130.77000000,68136.00000000,2024-05-31T13:00:00
68136.01000000,68184.40000000,67876.00000000,67950.00000000,2024-05-31T14:00:00
67950.00000000,68333.33000000,67930.00000000,68333.33000000,2024-05-31T15:00:00
68333.33000000,68461.00000000,68280.00000000,68349.73000000,2024-05-31T16:00:00
68349.73000000,69044.10000000,68320.77000000,68643.59000000,2024-05-31T17:00:00
68643.59000000,68821.01000000,68025.02000000,68078.34000000,2024-05-31T18:00:00
68078.34000000,68078.34000000,67264.46000000,67501.76000000,2024-05-31T19:00:00
67501.76000000,67548.38000000,67200.00000000,67215.58000000,2024-05-31T20:00:00
67215.58000000,67352.41000000,66670.00000000,67200.01000000,2024-05-31T21:00:00
67200.01000000,67459.66000000,67160.30000000,67342.77000000,2024-05-31T22:00:00
67342.77000000,67444.47000000,67170.00000000,67414.88000000,2024-05-31T23:00:00
67414.88000000,67999.00000000,67342.24000000,67681.00000000,2024-06-01T00:00:00
67681.00000000,67798.00000000,67600.00000000,67709.04000000,2024-06-01T01:00:00
67709.04000000,67710.00000000,67500.00000000,67564.91000000,2024-06-01T02:00:00
67564.91000000,67668.00000000,67509.51000000,67509.52000000,2024-06-01T03:00:00
67509.52000000,67602.60000000,67239.19000000,67540.01000000,2024-06-01T04:00:00
67540.01000000,67703.89000000,67507.39000000,67655.66000000,2024-06-01T05:00:00
67655.66000000,67710.29000000,67428.44000000,67560.00000000,2024-06-01T06:00:00
67560.00000000,67740.00000000,67546.52000000,67729.05000000,2024-06-01T07:00:00
67729.05000000,67757.14000000,67623.24000000,67715.31000000,2024-06-01T08:00:00
67715.31000000,67763.81000000,67656.00000000,67680.01000000,2024-06-01T09:00:00
67680.01000000,67810.00000000,67603.00000000,67686.35000000,2024-06-01T10:00:00
67686.35000000,67729.87000000,67607.94000000,67693.32000000,2024-06-01T11:00:00
67693.32000000,67733.01000000,67575.23000000,67632.08000000,2024-06-01T12:00:00
67632.07000000,67741.06000000,67611.61000000,67704.00000000,2024-06-01T13:00:00
67704.00000000,67760.00000000,67635.00000000,67706.69000000,2024-06-01T14:00:00
67706.69000000,67750.00000000,67627.32000000,67627.33000000,2024-06-01T15:00:00
67627.33000000,67694.00000000,67627.32000000,67660.57000000,2024-06-01T16:00:00
67660.57000000,67872.50000000,67640.00000000,67717.76000000,2024-06-01T17:00:00
67717.76000000,67837.00000000,67714.28000000,67720.01000000,2024-06-01T18:00:00
67720.01000000,67870.00000000,67673.00000000,67803.34000000,2024-06-01T19:00:00
67803.33000000,67824.00000000,67668.01000000,67691.28000000,2024-06-01T20:00:00
67691.28000000,67719.99000000,67612.00000000,67700.01000000,2024-06-01T21:00:00
67700.01000000,67900.00000000,67556.72000000,67791.02000000,2024-06-01T22:00:00
67791.02000000,67821.73000000,67726.32000000,67750.71000000,2024-06-01T23:00:00
67750.70000000,67782.64000000,67685.72000000,67753.76000000,2024-06-02T00:00:00
67753.76000000,67796.54000000,67700.00000000,67796.54000000,2024-06-02T01:00:00
67796.54000000,67820.20000000,67713.23000000,67760.01000000,2024-06-02T02:00:00
67760.01000000,67885.00000000,67710.00000000,67765.40000000,2024-06-02T03:00:00
67765.41000000,67819.78000000,67723.00000000,67766.85000000,2024-06-02T04:00:00
67766.84000000,67910.55000000,67744.00000000,67889.00000000,2024-06-02T05:00:00
67888.99000000,67900.00000000,67710.00000000,67755.00000000,2024-06-02T06:00:00
67755.00000000,67815.00000000,67643.33000000,67733.26000000,2024-06-02T07:00:00
67733.25000000,67807.99000000,67726.31000000,67789.47000000,2024-06-02T08:00:00
67789.48000000,67852.63000000,67745.18000000,67852.62000000,2024-06-02T09:00:00
67852.62000000,67867.60000000,67728.40000000,67728.40000000,2024-06-02T10:00:00
67728.41000000,67852.33000000,67724.60000000,67841.09000000,2024-06-02T11:00:00
67841.09000000,67842.91000000,67720.41000000,67721.00000000,2024-06-02T12:00:00
67721.01000000,67812.57000000,67671.81000000,67750.67000000,2024-06-02T13:00:00
67750.68000000,67772.65000000,67377.79000000,67529.99000000,2024-06-02T14:00:00
67530.00000000,67581.97000000,67367.20000000,67529.99000000,2024-06-02T15:00:00
67530.00000000,68320.08000000,67492.60000000,68251.52000000,2024-06-02T16:00:00
68251.53000000,68305.00000000,67852.24000000,67934.99000000,2024-06-02T17:00:00
67934.99000000,68214.66000000,67800.00000000,68165.98000000,2024-06-02T18:00:00
68165.97000000,68460.00000000,68073.65000000,68252.50000000,2024-06-02T19:00:00
68252.51000000,68297.12000000,68016.19000000,68142.17000000,2024-06-02T20:00:00
68142.18000000,68200.00000000,67980.00000000,68103.63000000,2024-06-02T21:00:00
68103.63000000,68103.64000000,67808.66000000,67879.28000000,2024-06-02T22:00:00
67879.27000000,67879.28000000,67456.88000000,67697.14000000,2024-06-02T23:00:00
67697.14000000,67798.00000000,67257.47000000,67736.95000000,2024-06-03T00:00:00
67736.95000000,67831.21000000,67577.65000000,67831.20000000,2024-06-03T01:00:00
67831.21000000,67902.12000000,67755.00000000,67816.14000000,2024-06-03T02:00:00
67816.13000000,67984.01000000,67809.96000000,67927.99000000,2024-06-03T03:00:00
67928.00000000,67984.01000000,67765.62000000,67765.63000000,2024-06-03T04:00:00
67765.62000000,67873.87000000,67612.48000000,67823.99000000,2024-06-03T05:00:00
67824.00000000,68553.67000000,67823.80000000,68476.01000000,2024-06-03T06:00:00
68476.01000000,68793.97000000,68404.51000000,68416.08000000,2024-06-03T07:00:00
68416.09000000,68518.70000000,68201.00000000,68382.81000000,2024-06-03T08:00:00
68382.80000000,68600.00000000,68285.29000000,68510.00000000,2024-06-03T09:00:00
68510.00000000,68780.00000000,68441.16000000,68700.00000000,2024-06-03T10:00:00
68699.99000000,69221.00000000,68632.01000000,69038.94000000,2024-06-03T11:00:00
69038.94000000,69179.62000000,68804.00000000,68906.70000000,2024-06-03T12:00:00
68906.70000000,69333.00000000,68906.69000000,69142.55000000,2024-06-03T13:00:00
69142.54000000,69187.06000000,68913.72000000,69014.88000000,2024-06-03T14:00:00
69014.89000000,69186.79000000,68876.98000000,68907.99000000,2024-06-03T15:00:00
68908.00000000,69248.99000000,68824.00000000,69080.00000000,2024-06-03T16:00:00
69080.00000000,69769.30000000,69075.40000000,69746.23000000,2024-06-03T17:00:00
69746.23000000,70288.00000000,69521.04000000,69795.34000000,2024-06-03T18:00:00
69795.33000000,70079.67000000,68500.00000000,68776.01000000,2024-06-03T19:00:00
68776.01000000,69631.16000000,68760.00000000,69615.28000000,2024-06-03T20:00:00
69615.27000000,69715.61000000,68899.89000000,69080.02000000,2024-06-03T21:00:00
69080.02000000,69389.92000000,68800.00000000,69268.97000000,2024-06-03T22:00:00
69268.98000000,69444.49000000,69162.98000000,69288.41000000,2024-06-03T23:00:00
69288.41000000,69296.68000000,69021.77000000,69204.00000000,2024-06-04T00:00:00
69204.00000000,69509.38000000,69101.27000000,69101.28000000,2024-06-04T01:00:00
69101.28000000,69191.86000000,68899.51000000,69081.17000000,2024-06-04T02:00:00
69081.17000000,69144.33000000,68810.00000000,69042.51000000,2024-06-04T03:00:00
69042.51000000,69062.19000000,68730.51000000,68809.90000000,2024-06-04T04:00:00
68809.89000000,69090.90000000,68629.90000000,69001.41000000,2024-06-04T05:00:00
69001.40000000,69215.41000000,68900.60000000,69215.40000000,2024-06-04T06:00:00
69215.41000000,69306.67000000,69080.80000000,69139.57000000,2024-06-04T07:00:00
69139.58000000,69370.01000000,69114.98000000,69170.22000000,2024-06-04T08:00:00
69170.22000000,69268.27000000,69057.12000000,69061.22000000,2024-06-04T09:00:00
69061.22000000,69156.16000000,68914.28000000,68956.01000000,2024-06-04T10:00:00
68956.01000000,69039.71000000,68745.68000000,68905.43000000,2024-06-04T11:00:00
68905.43000000,69074.82000000,68894.21000000,69013.63000000,2024-06-04T12:00:00
69013.62000000,69191.99000000,68827.00000000,68836.54000000,2024-06-04T13:00:00
68836.54000000,68890.01000000,68567.32000000,68717.92000000,2024-06-04T14:00:00
68717.92000000,68958.00000000,68701.83000000,68890.66000000,2024-06-04T15:00:00
68890.66000000,69030.00000000,68841.87000000,68955.85000000,2024-06-04T16:00:00
68955.84000000,69155.50000000,68843.73000000,68946.56000000,2024-06-04T17:00:00
68946.56000000,69830.75000000,68946.55000000,69527.99000000,2024-06-04T18:00:00
69527.99000000,70089.99000000,69319.79000000,69651.49000000,2024-06-04T19:00:00
69651.49000000,70480.00000000,69463.83000000,70445.00000000,2024-06-04T20:00:00
70445.00000000,70999.00000000,70388.17000000,70800.00000000,2024-06-04T21:00:00
70800.00000000,70833.52000000,70360.40000000,70564.00000000,2024-06-04T22:00:00
70564.01000000,71063.45000000,70564.00000000,70693.67000000,2024-06-04T23:00:00
70693.67000000,70727.76000000,70092.50000000,70423.60000000,2024-06-05T00:00:00
70423.61000000,70550.00000000,70168.67000000,70402.69000000,2024-06-05T01:00:00
70402.69000000,70630.08000000,70340.41000000,70620.00000000,2024-06-05T02:00:00
70620.01000000,70736.00000000,70510.00000000,70561.30000000,2024-06-05T03:00:00
70561.31000000,70610.00000000,70414.90000000,70537.84000000,2024-06-05T04:00:00
70537.83000000,70900.00000000,70423.51000000,70776.00000000,2024-06-05T05:00:00
70775.99000000,71275.00000000,70646.16000000,70986.30000000,2024-06-05T06:00:00
70986.29000000,71140.30000000,70672.08000000,70837.96000000,2024-06-05T07:00:00
70837.96000000,70991.73000000,70768.00000000,70947.58000000,2024-06-05T08:00:00
70947.58000000,71260.00000000,70826.15000000,71168.53000000,2024-06-05T09:00:00
71168.54000000,71196.00000000,70884.61000000,70999.99000000,2024-06-05T10:00:00
70999.99000000,71150.00000000,70850.00000000,71119.05000000,2024-06-05T11:00:00
71119.06000000,71379.21000000,71032.60000000,71200.00000000,2024-06-05T12:00:00
71199.99000000,71243.60000000,70880.40000000,70927.57000000,2024-06-05T13:00:00
70927.57000000,71032.08000000,70825.00000000,70894.19000000,2024-06-05T14:00:00
70894.20000000,70908.59000000,70725.03000000,70800.33000000,2024-06-05T15:00:00
70800.33000000,71093.96000000,70694.61000000,70971.71000000,2024-06-05T16:00:00
70971.70000000,71120.00000000,70652.60000000,70940.01000000,2024-06-05T17:00:00
70940.01000000,71169.99000000,70588.00000000,70730.70000000,2024-06-05T18:00:00
70730.70000000,71080.00000000,70383.66000000,70867.99000000,2024-06-05T19:00:00
70867.99000000,71731.35000000,70775.00000000,71580.00000000,2024-06-05T20:00:00
71580.01000000,71758.00000000,71268.00000000,71312.77000000,2024-06-05T21:00:00
71312.78000000,71704.00000000,71231.48000000,71628.98000000,2024-06-05T22:00:00
71628.98000000,71748.22000000,70895.15000000,71096.81000000,2024-06-05T23:00:00
71096.80000000,71398.73000000,70871.20000000,71279.95000000,2024-06-06T00:00:00
71279.95000000,71357.68000000,71160.00000000,71196.02000000,2024-06-06T01:00:00
71196.02000000,71211.34000000,71036.31000000,71138.42000000,2024-06-06T02:00:00
71138.43000000,71274.11000000,71090.00000000,71144.86000000,2024-06-06T03:00:00
71144.85000000,71294.47000000,70700.00000000,71108.00000000,2024-06-06T04:00:00
71108.00000000,71183.99000000,70955.99000000,71018.06000000,2024-06-06T05:00:00
71018.06000000,71189.97000000,70900.00000000,71124.00000000,2024-06-06T06:00:00
71124.01000000,71237.02000000,71103.70000000,71160.00000000,2024-06-06T07:00:00
71160.01000000,71188.00000000,71012.34000000,71050.00000000,2024-06-06T08:00:00
71050.00000000,71106.46000000,70909.70000000,71054.52000000,2024-06-06T09:00:00
71054.51000000,71084.40000000,70800.00000000,70895.45000000,2024-06-06T10:00:00
70895.45000000,71037.72000000,70804.00000000,70887.99000000,2024-06-06T11:00:00
70888.00000000,71069.62000000,70853.23000000,71021.47000000,2024-06-06T12:00:00
71021.46000000,71039.50000000,70862.50000000,70904.01000000,2024-06-06T13:00:00
70904.01000000,71147.28000000,70904.00000000,70978.88000000,2024-06-06T14:00:00
70978.89000000,71000.00000000,70892.50000000,70988.00000000,2024-06-06T15:00:00
70988.01000000,71204.59000000,70935.01000000,71170.01000000,2024-06-06T16:00:00
71170.01000000,71443.60000000,71052.97000000,71187.17000000,2024-06-06T17:00:00
71187.18000000,71535.95000000,71000.00000000,71123.09000000,2024-06-06T18:00:00
71123.10000000,71520.00000000,71020.57000000,71464.57000000,2024-06-06T19:00:00
71464.56000000,71700.00000000,71250.61000000,71300.00000000,2024-06-06T20:00:00
71300.00000000,71379.93000000,70825.00000000,70948.95000000,2024-06-06T21:00:00
70948.95000000,71225.01000000,70800.00000000,71098.31000000,2024-06-06T22:00:00
71098.30000000,71158.87000000,70871.57000000,71075.00000000,2024-06-06T23:00:00
71075.00000000,71078.73000000,70450.00000000,70479.49000000,2024-06-07T00:00:00
70479.49000000,70742.49000000,70117.64000000,70720.01000000,2024-06-07T01:00:00
70720.01000000,70859.81000000,70667.00000000,70740.51000000,2024-06-07T02:00:00
70740.51000000,70920.76000000,70664.00000000,70901.01000000,2024-06-07T03:00:00
70901.01000000,70958.89000000,70748.80000000,70799.06000000,2024-06-07T04:00:00
70799.06000000,70883.60000000,70740.00000000,70883.05000000,2024-06-07T05:00:00
70883.05000000,70900.00000000,70670.48000000,70840.01000000,2024-06-07T06:00:00
70840.00000000,70872.06000000,70663.59000000,70824.08000000,2024-06-07T07:00:00
70824.09000000,71015.20000000,70741.20000000,70989.68000000,2024-06-07T08:00:00
70989.69000000,71274.70000000,70989.68000000,71226.52000000,2024-06-07T09:00:00
71226.52000000,71449.98000000,71170.00000000,71290.60000000,2024-06-07T10:00:00
71290.60000000,71353.06000000,71162.38000000,71265.70000000,2024-06-07T11:00:00
71265.70000000,71310.80000000,71068.16000000,71110.00000000,2024-06-07T12:00:00
71110.01000000,71192.40000000,71048.12000000,71117.20000000,2024-06-07T13:00:00
71117.20000000,71307.28000000,71060.50000000,71302.07000000,2024-06-07T14:00:00
71302.06000000,71434.86000000,71202.40000000,71377.38000000,2024-06-07T15:00:00
71377.37000000,71700.00000000,71303.40000000,71699.99000000,2024-06-07T16:00:00
71700.00000000,71997.02000000,70633.21000000,71234.09000000,2024-06-07T17:00:00
71234.09000000,71655.04000000,71056.70000000,71534.60000000,2024-06-07T18:00:00
71534.60000000,71544.06000000,71170.58000000,71430.94000000,2024-06-07T19:00:00
71430.93000000,71430.93000000,70850.00000000,71111.54000000,2024-06-07T20:00:00
71111.55000000,71208.89000000,70779.00000000,70873.47000000,2024-06-07T21:00:00
70873.48000000,70873.48000000,69800.37000000,69803.59000000,2024-06-07T22:00:00
69803.59000000,69887.99000000,68420.00000000,69154.43000000,2024-06-07T23:00:00
69154.44000000,69448.00000000,68800.00000000,69255.00000000,2024-06-08T00:00:00
69255.01000000,69318.30000000,68978.52000000,69307.99000000,2024-06-08T01:00:00
69308.00000000,69377.85000000,69203.08000000,69250.01000000,2024-06-08T02:00:00
69250.01000000,69585.96000000,69184.00000000,69499.00000000,2024-06-08T03:00:00
69499.00000000,69499.00000000,69323.54000000,69355.60000000,2024-06-08T04:00:00
69355.60000000,69482.75000000,69296.41000000,69401.50000000,2024-06-08T05:00:00
69401.50000000,69475.04000000,69287.28000000,69465.25000000,2024-06-08T06:00:00
69465.24000000,69465.25000000,69387.60000000,69422.11000000,2024-06-08T07:00:00
69422.11000000,69525.00000000,69411.30000000,69432.00000000,2024-06-08T08:00:00
69432.00000000,69466.92000000,69277.96000000,69316.73000000,2024-06-08T09:00:00
69316.74000000,69342.79000000,69232.15000000,69319.99000000,2024-06-08T10:00:00
69320.00000000,69414.89000000,69296.26000000,69333.45000000,2024-06-08T11:00:00
69333.44000000,69582.20000000,69333.44000000,69582.20000000,2024-06-08T12:00:00
69582.20000000,69582.20000000,69381.81000000,69436.42000000,2024-06-08T13:00:00
69436.43000000,69495.99000000,69382.80000000,69443.24000000,2024-06-08T14:00:00
69443.25000000,69495.98000000,69360.01000000,69453.40000000,2024-06-08T15:00:00
69453.39000000,69515.00000000,69318.19000000,69365.93000000,2024-06-08T16:00:00
69365.94000000,69430.00000000,69265.00000000,69360.22000000,2024-06-08T17:00:00
69360.22000000,69430.01000000,69168.02000000,69430.00000000,2024-06-08T18:00:00
69430.01000000,69462.25000000,69309.82000000,69461.69000000,2024-06-08T19:00:00
69461.68000000,69491.36000000,69421.17000000,69430.01000000,2024-06-08T20:00:00
69430.01000000,69470.16000000,69292.22000000,69387.15000000,2024-06-08T21:00:00
69387.16000000,69470.00000000,69336.01000000,69439.99000000,2024-06-08T22:00:00
69440.00000000,69480.00000000,69427.98000000,69454.89000000,2024-06-08T23:00:00
69454.88000000,69490.00000000,69427.88000000,69460.01000000,2024-06-09T00:00:00
69460.00000000,69475.18000000,69313.31000000,69372.73000000,2024-06-09T01:00:00
69372.74000000,69424.47000000,69327.04000000,69404.91000000,2024-06-09T02:00:00
69404.90000000,69404.91000000,69290.28000000,69338.15000000,2024-06-09T03:00:00
69338.15000000,69340.00000000,69292.99000000,69310.46000000,2024-06-09T04:00:00
69310.46000000,69327.99000000,69225.84000000,69268.70000000,2024-06-09T05:00:00
69268.70000000,69346.90000000,69230.00000000,69285.00000000,2024-06-09T06:00:00
69285.01000000,69298.00000000,69139.93000000,69174.93000000,2024-06-09T07:00:00
69174.92000000,69298.00000000,69130.24000000,69259.38000000,2024-06-09T08:00:00
69259.38000000,69306.22000000,69244.64000000,69304.44000000,2024-06-09T09:00:00
69304.44000000,69360.40000000,69234.73000000,69293.47000000,2024-06-09T10:00:00
69293.48000000,69400.00000000,69276.95000000,69391.01000000,2024-06-09T11:00:00
69391.02000000,69425.70000000,69273.47000000,69295.64000000,2024-06-09T12:00:00
69295.64000000,69356.00000000,69283.45000000,69352.15000000,2024-06-09T13:00:00
69352.15000000,69397.19000000,69341.95000000,69369.98000000,2024-06-09T14:00:00
69369.99000000,69373.24000000,69333.07000000,69346.49000000,2024-06-09T15:00:00
69346.50000000,69389.00000000,69333.00000000,69367.69000000,2024-06-09T16:00:00
69367.68000000,69760.00000000,69351.11000000,69712.95000000,2024-06-09T17:00:00
69712.96000000,69777.00000000,69250.01000000,69467.03000000,2024-06-09T18:00:00
69467.04000000,69559.00000000,69264.01000000,69490.12000000,2024-06-09T19:00:00
69490.13000000,69590.37000000,69420.42000000,69508.64000000,2024-06-09T20:00:00
69508.64000000,69636.98000000,69500.00000000,69622.88000000,2024-06-09T21:00:00
69622.88000000,69698.48000000,69570.00000000,69660.51000000,2024-06-09T22:00:00
69660.52000000,69848.32000000,69611.26000000,69738.10000000,2024-06-09T23:00:00
69738.09000000,69857.14000000,69660.03000000,69710.26000000,2024-06-10T00:00:00
69710.26000000,69730.81000000,69590.33000000,69686.85000000,2024-06-10T01:00:00
69686.86000000,69821.53000000,69610.00000000,69749.96000000,2024-06-10T02:00:00
69749.95000000,69787.13000000,69621.20000000,69634.35000000,2024-06-10T03:00:00
69634.36000000,69684.93000000,69596.01000000,69648.14000000,2024-06-10T04:00:00
69648.15000000,69655.11000000,69426.00000000,69559.99000000,2024-06-10T05:00:00
69559.99000000,69686.42000000,69516.00000000,69625.52000000,2024-06-10T06:00:00
69625.52000000,69801.34000000,69608.40000000,69716.00000000,2024-06-10T07:00:00
69716.01000000,69767.41000000,69574.80000000,69613.20000000,2024-06-10T08:00:00
69613.20000000,69677.50000000,69530.95000000,69674.33000000,2024-06-10T09:00:00
69674.33000000,69674.33000000,69530.00000000,69580.48000000,2024-06-10T10:00:00
69580.47000000,69618.76000000,69301.00000000,69429.87000000,2024-06-10T11:00:00
69429.87000000,69500.00000000,69249.99000000,69303.99000000,2024-06-10T12:00:00
69304.00000000,69494.99000000,69279.35000000,69387.50000000,2024-06-10T13:00:00
69387.50000000,69474.39000000,69172.29000000,69449.99000000,2024-06-10T14:00:00
69450.00000000,69470.93000000,69357.38000000,69439.99000000,2024-06-10T15:00:00
69439.99000000,69550.00000000,69337.02000000,69473.89000000,2024-06-10T16:00:00
69473.89000000,69520.01000000,69331.55000000,69363.99000000,2024-06-10T17:00:00
69364.00000000,69512.90000000,69201.59000000,69408.21000000,2024-06-10T18:00:00
69408.21000000,69662.10000000,69300.01000000,69662.09000000,2024-06-10T19:00:00
69662.10000000,70195.94000000,69612.26000000,70066.12000000,2024-06-10T20:00:00
70066.12000000,70105.82000000,69722.00000000,69972.17000000,2024-06-10T21:00:00
69972.18000000,70060.00000000,69761.89000000,70043.00000000,2024-06-10T22:00:00
70043.01000000,70141.10000000,69737.56000000,69860.01000000,2024-06-10T23:00:00
69860.01000000,69860.01000000,69386.81000000,69490.80000000,2024-06-11T00:00:00
69490.81000000,69700.51000000,69334.46000000,69632.51000000,2024-06-11T01:00:00
69632.51000000,69694.68000000,69530.00000000,69585.48000000,2024-06-11T02:00:00
69585.49000000,69592.00000000,69424.28000000,69495.99000000,2024-06-11T03:00:00
69495.99000000,69563.38000000,69400.01000000,69540.00000000,2024-06-11T04:00:00
69540.00000000,69590.01000000,69400.00000000,69410.85000000,2024-06-11T05:00:00
69410.86000000,69523.71000000,68500.00000000,68724.01000000,2024-06-11T06:00:00
68724.00000000,68922.29000000,67900.00000000,68268.62000000,2024-06-11T07:00:00
68268.62000000,68488.00000000,68170.00000000,68464.00000000,2024-06-11T08:00:00
68464.00000000,68464.00000000,67617.00000000,68024.04000000,2024-06-11T09:00:00
68024.03000000,68056.28000000,67657.03000000,67903.57000000,2024-06-11T10:00:00
67903.58000000,67974.49000000,67325.00000000,67692.00000000,2024-06-11T11:00:00
67691.99000000,67844.76000000,67526.95000000,67570.18000000,2024-06-11T12:00:00
67570.18000000,67641.03000000,67284.38000000,67516.74000000,2024-06-11T13:00:00
67516.75000000,67662.49000000,66900.00000000,67084.34000000,2024-06-11T14:00:00
67084.33000000,67303.46000000,66732.00000000,66961.99000000,2024-06-11T15:00:00
66961.99000000,67123.13000000,66762.58000000,66890.01000000,2024-06-11T16:00:00
66890.00000000,67194.31000000,66790.80000000,67019.99000000,2024-06-11T17:00:00
67020.00000000,67278.88000000,66568.35000000,66812.00000000,2024-06-11T18:00:00
66812.01000000,67103.42000000,66776.81000000,66851.26000000,2024-06-11T19:00:00
66851.27000000,67076.00000000,66051.00000000,66244.48000000,2024-06-11T20:00:00
66244.48000000,66738.78000000,66161.26000000,66487.47000000,2024-06-11T21:00:00
66487.48000000,66805.98000000,66175.00000000,66770.99000000,2024-06-11T22:00:00
66771.00000000,67229.93000000,66652.39000000,67117.30000000,2024-06-11T23:00:00
67117.31000000,67586.64000000,67070.51000000,67407.01000000,2024-06-12T00:00:00
67407.02000000,67500.00000000,67173.92000000,67290.07000000,2024-06-12T01:00:00
67290.07000000,67396.62000000,67202.26000000,67396.61000000,2024-06-12T02:00:00
67396.61000000,67572.54000000,67311.42000000,67360.22000000,2024-06-12T03:00:00
67360.22000000,67588.22000000,67309.91000000,67314.24000000,2024-06-12T04:00:00
67314.23000000,67436.53000000,67183.47000000,67199.99000000,2024-06-12T05:00:00
67199.99000000,67240.00000000,66905.00000000,67180.01000000,2024-06-12T06:00:00
67180.00000000,67596.15000000,67128.08000000,67415.25000000,2024-06-12T07:00:00
67415.26000000,67496.25000000,67317.77000000,67407.00000000,2024-06-12T08:00:00
67407.01000000,67624.89000000,67350.01000000,67481.59000000,2024-06-12T09:00:00
67481.60000000,67505.13000000,67195.97000000,67243.21000000,2024-06-12T10:00:00
67243.21000000,67382.81000000,67243.20000000,67281.64000000,2024-06-12T11:00:00
67281.63000000,67500.01000000,67229.78000000,67453.63000000,2024-06-12T12:00:00
67453.64000000,67532.64000000,67376.10000000,67393.46000000,2024-06-12T13:00:00
67393.47000000,67804.00000000,67353.02000000,67753.32000000,2024-06-12T14:00:00
67753.33000000,68059.01000000,67753.32000000,67991.98000000,2024-06-12T15:00:00
67991.99000000,68015.40000000,67716.22000000,67778.43000000,2024-06-12T16:00:00
67778.43000000,69488.00000000,67736.00000000,69339.29000000,2024-06-12T17:00:00
69339.29000000,69649.80000000,69084.00000000,69320.00000000,2024-06-12T18:00:00
69320.01000000,69980.00000000,69300.01000000,69960.57000000,2024-06-12T19:00:00
69960.56000000,69999.00000000,69539.54000000,69734.00000000,2024-06-12T20:00:00
69734.00000000,69786.46000000,69289.50000000,69616.00000000,2024-06-12T21:00:00
69616.01000000,69862.40000000,69492.00000000,69799.99000000,2024-06-12T22:00:00
69800.00000000,69808.47000000,68575.00000000,68828.01000000,2024-06-12T23:00:00
68828.00000000,69226.14000000,67250.00000000,67532.92000000,2024-06-13T00:00:00
67532.92000000,68312.00000000,67413.51000000,68103.97000000,2024-06-13T01:00:00
68103.96000000,68667.44000000,68097.91000000,68536.00000000,2024-06-13T02:00:00
68536.00000000,68539.99000000,68270.92000000,68345.82000000,2024-06-13T03:00:00
68345.81000000,68347.00000000,68124.00000000,68263.99000000,2024-06-13T04:00:00
68263.98000000,68393.63000000,68005.85000000,68330.02000000,2024-06-13T05:00:00
68330.02000000,68363.35000000,67910.00000000,67979.63000000,2024-06-13T06:00:00
67979.63000000,68177.00000000,67690.95000000,67734.81000000,2024-06-13T07:00:00
67734.80000000,67850.08000000,66969.98000000,67474.94000000,2024-06-13T08:00:00
67474.95000000,67729.41000000,67328.00000000,67328.01000000,2024-06-13T09:00:00
67328.01000000,67680.00000000,67328.01000000,67604.04000000,2024-06-13T10:00:00
67604.04000000,67614.55000000,67300.30000000,67518.57000000,2024-06-13T11:00:00
67518.58000000,67724.81000000,67399.99000000,67724.81000000,2024-06-13T12:00:00
67724.80000000,67752.06000000,67508.00000000,67565.56000000,2024-06-13T13:00:00
67565.57000000,67569.67000000,67168.00000000,67419.86000000,2024-06-13T14:00:00
67419.86000000,67971.20000000,67230.94000000,67820.40000000,2024-06-13T15:00:00
67820.40000000,67961.07000000,67648.49000000,67739.99000000,2024-06-13T16:00:00
67740.00000000,68449.30000000,67439.43000000,67749.54000000,2024-06-13T17:00:00
67749.54000000,68272.00000000,67521.55000000,67589.99000000,2024-06-13T18:00:00
67590.00000000,67739.28000000,67150.00000000,67365.62000000,2024-06-13T19:00:00
67365.62000000,67537.87000000,66368.76000000,66470.01000000,2024-06-13T20:00:00
66470.01000000,67019.42000000,66251.78000000,66976.00000000,2024-06-13T21:00:00
66976.01000000,67080.13000000,66639.47000000,66920.00000000,2024-06-13T22:00:00
66919.99000000,66976.87000000,66693.43000000,66862.99000000,2024-06-13T23:00:00
66862.99000000,66884.00000000,66588.83000000,66604.01000000,2024-06-14T00:00:00
66604.01000000,66810.48000000,66530.84000000,66712.98000000,2024-06-14T01:00:00
66712.97000000,66969.99000000,66680.14000000,66969.99000000,2024-06-14T02:00:00
66969.99000000,66980.00000000,66840.07000000,66896.00000000,2024-06-14T03:00:00
66895.99000000,66909.26000000,66681.40000000,66773.01000000,2024-06-14T04:00:00
66773.01000000,66897.96000000,66604.60000000,66727.73000000,2024-06-14T05:00:00
66727.73000000,66833.10000000,66480.00000000,66806.17000000,2024-06-14T06:00:00
66806.17000000,67027.32000000,66713.50000000,66952.00000000,2024-06-14T07:00:00
66952.01000000,66982.98000000,66676.28000000,66744.00000000,2024-06-14T08:00:00
66744.00000000,66833.33000000,66717.00000000,66717.39000000,2024-06-14T09:00:00
66717.38000000,67221.32000000,66707.76000000,67052.49000000,2024-06-14T10:00:00
67052.50000000,67124.29000000,66876.00000000,66962.41000000,2024-06-14T11:00:00
66962.40000000,67110.10000000,66885.68000000,66904.98000000,2024-06-14T12:00:00
66904.98000000,67256.32000000,66863.46000000,67152.04000000,2024-06-14T13:00:00
67152.04000000,67152.04000000,66899.39000000,66920.01000000,2024-06-14T14:00:00
66920.01000000,67015.92000000,66836.54000000,66873.14000000,2024-06-14T15:00:00
66873.15000000,67101.00000000,66746.40000000,67036.00000000,2024-06-14T16:00:00
67035.99000000,67288.00000000,66960.58000000,67083.30000000,2024-06-14T17:00:00
67083.31000000,67370.24000000,66950.00000000,67070.50000000,2024-06-14T18:00:00
67070.49000000,67115.25000000,66561.30000000,66982.98000000,2024-06-14T19:00:00
66982.98000000,67059.46000000,66344.67000000,66392.00000000,2024-06-14T20:00:00
66392.00000000,66520.00000000,65200.87000000,65293.40000000,2024-06-14T21:00:00
65293.39000000,65753.23000000,65078.31000000,65416.01000000,2024-06-14T22:00:00
65416.01000000,65537.31000000,65078.00000000,65524.86000000,2024-06-14T23:00:00
65524.85000000,65684.00000000,65299.99000000,65520.02000000,2024-06-15T00:00:00
65520.02000000,65970.23000000,65480.00000000,65766.41000000,2024-06-15T01:00:00
65766.41000000,66627.52000000,65725.77000000,66196.01000000,2024-06-15T02:00:00
66196.01000000,66252.00000000,65882.35000000,66014.01000000,2024-06-15T03:00:00
66014.01000000,66081.39000000,65916.00000000,66043.99000000,2024-06-15T04:00:00
66043.99000000,66287.76000000,65967.50000000,66185.62000000,2024-06-15T05:00:00
66185.62000000,66290.00000000,66064.88000000,66076.01000000,2024-06-15T06:00:00
66076.00000000,66253.29000000,66050.32000000,66215.35000000,2024-06-15T07:00:00
66215.34000000,66273.88000000,66192.00000000,66267.87000000,2024-06-15T08:00:00
66267.87000000,66380.58000000,66210.00000000,66246.85000000,2024-06-15T09:00:00
66246.84000000,66389.10000000,66215.29000000,66231.82000000,2024-06-15T10:00:00
66231.81000000,66416.66000000,66127.00000000,66168.57000000,2024-06-15T11:00:00
66168.57000000,66200.00000000,66065.80000000,66076.99000000,2024-06-15T12:00:00
66076.99000000,66221.31000000,66076.98000000,66221.31000000,2024-06-15T13:00:00
66221.31000000,66280.80000000,66086.51000000,66227.00000000,2024-06-15T14:00:00
66227.00000000,66306.31000000,66195.91000000,66300.01000000,2024-06-15T15:00:00
66300.01000000,66348.00000000,66264.01000000,66319.95000000,2024-06-15T16:00:00
66319.94000000,66360.00000000,66222.70000000,66348.01000000,2024-06-15T17:00:00
66348.01000000,66354.82000000,66240.11000000,66313.47000000,2024-06-15T18:00:00
66313.47000000,66313.47000000,66153.84000000,66220.52000000,2024-06-15T19:00:00
66220.51000000,66478.48000000,66210.83000000,66316.02000000,2024-06-15T20:00:00
66316.02000000,66360.00000000,66179.99000000,66184.00000000,2024-06-15T21:00:00
66184.00000000,66304.94000000,66133.92000000,66250.01000000,2024-06-15T22:00:00
66250.00000000,66250.00000000,66139.50000000,66145.19000000,2024-06-15T23:00:00
66145.19000000,66208.00000000,66071.47000000,66154.70000000,2024-06-16T00:00:00
66154.70000000,66170.99000000,65857.10000000,66048.02000000,2024-06-16T01:00:00
66048.02000000,66149.00000000,66042.85000000,66126.89000000,2024-06-16T02:00:00
66126.89000000,66200.00000000,66045.08000000,66200.00000000,2024-06-16T03:00:00
66199.99000000,66287.76000000,66199.99000000,66228.25000000,2024-06-16T04:00:00
66228.25000000,66269.74000000,66161.95000000,66161.96000000,2024-06-16T05:00:00
66161.96000000,66218.48000000,66102.03000000,66175.68000000,2024-06-16T06:00:00
66175.68000000,66182.26000000,66114.27000000,66142.86000000,2024-06-16T07:00:00
66142.86000000,66164.30000000,66076.55000000,66146.00000000,2024-06-16T08:00:00
66145.99000000,66207.72000000,66034.50000000,66166.02000000,2024-06-16T09:00:00
66166.02000000,66264.00000000,66166.01000000,66264.00000000,2024-06-16T10:00:00
66264.00000000,66360.18000000,66178.77000000,66312.01000000,2024-06-16T11:00:00
66312.01000000,66357.97000000,66304.00000000,66318.84000000,2024-06-16T12:00:00
